{"sections":{"heading":{"type":"main-heading","blocks":{"5ecb9555-19e4-433b-8817-1ccaa3a41384":{"type":"1","settings":{"heading":"<p>Contact Us<\/p>","hidden_on_mobile":false,"heading_size":"h3","text_color":"hdt-s-text","font_size_heading_lg":50,"font_size_heading_md":30,"font_size_heading":24,"font_weight_heading":600,"letter_spacing_heading":0}}},"block_order":["5ecb9555-19e4-433b-8817-1ccaa3a41384"],"settings":{"image":"shopify:\/\/shop_images\/Mask_group_5.png","color_scheme":"","spacing_hd":0,"padding_top":80,"padding_bottom":86,"padding_rate":75}},"main":{"type":"main-page","disabled":true,"settings":{"section_fullwidth":false,"color_scheme":"","padding_top":0,"padding_bottom":52,"padding_rate":75}},"map_with_text_cKPcYW":{"type":"map-with-text","blocks":{"heading_gwfTx6":{"type":"heading","settings":{"heading":"<p>Visit Our Store<\/p>","hidden_br_mobile":false,"hidden_on_mobile":false,"heading_size":"h_custom","text_color":"hdt-s-text","font_size_heading_lg":28,"font_size_heading_md":30,"font_size_heading":24,"font_weight_heading":400,"letter_spacing_heading":0}},"text_fG8nQG":{"type":"text","settings":{"text":"<p><strong>Address<\/strong><\/p>","hidden_br_mobile":false,"hidden_on_mobile":false,"text_size":"base","text_color":"hdt-s-text","font_size_text_lg":16,"font_size_text_md":14,"font_size_text":14,"font_weight_text":400,"letter_spacing_text":0}},"text_3ALb6q":{"type":"text","settings":{"text":"<p>66 Mott St, New York, New York, Zip Code: 10006, AS<\/p>","hidden_br_mobile":false,"hidden_on_mobile":false,"text_size":"base","text_color":"hdt-text-secondary","font_size_text_lg":16,"font_size_text_md":14,"font_size_text":14,"font_weight_text":400,"letter_spacing_text":0}},"text_WJkLP4":{"type":"text","settings":{"text":"<p><strong>Phone<\/strong><\/p>","hidden_br_mobile":false,"hidden_on_mobile":false,"text_size":"base","text_color":"hdt-s-text","font_size_text_lg":16,"font_size_text_md":14,"font_size_text":14,"font_weight_text":400,"letter_spacing_text":0}},"text_eKpWVY":{"type":"text","settings":{"text":"<p>(623) 934-2400<\/p>","hidden_br_mobile":false,"hidden_on_mobile":false,"text_size":"base","text_color":"hdt-text-secondary","font_size_text_lg":16,"font_size_text_md":14,"font_size_text":14,"font_weight_text":400,"letter_spacing_text":0}},"text_ap3zQz":{"type":"text","settings":{"text":"<p><strong>Email<\/strong><\/p>","hidden_br_mobile":false,"hidden_on_mobile":false,"text_size":"base","text_color":"hdt-s-text","font_size_text_lg":16,"font_size_text_md":14,"font_size_text":14,"font_weight_text":400,"letter_spacing_text":0}},"text_caUBkR":{"type":"text","settings":{"text":"<p>EComposer@example.com<\/p>","hidden_br_mobile":false,"hidden_on_mobile":false,"text_size":"base","text_color":"hdt-text-secondary","font_size_text_lg":16,"font_size_text_md":14,"font_size_text":14,"font_weight_text":400,"letter_spacing_text":0}},"text_VRdDAG":{"type":"text","settings":{"text":"<p><strong>Open Time<\/strong><\/p>","hidden_br_mobile":false,"hidden_on_mobile":false,"text_size":"base","text_color":"hdt-s-text","font_size_text_lg":16,"font_size_text_md":14,"font_size_text":14,"font_weight_text":400,"letter_spacing_text":0}},"text_fGD4bW":{"type":"text","settings":{"text":"<p>Our store has re-opened for shopping, <\/p><p>exchange Every day 11am to 7pm<\/p>","hidden_br_mobile":false,"hidden_on_mobile":false,"text_size":"base","text_color":"hdt-text-secondary","font_size_text_lg":16,"font_size_text_md":14,"font_size_text":14,"font_weight_text":400,"letter_spacing_text":0}},"spacer_zQYeDt":{"type":"spacer","settings":{"direction":false,"space_lg":26,"space_md":26,"space":26}},"socials_dnpnBJ":{"type":"_socials","settings":{"socials_style":"simple","socials_size":"large"}}},"block_order":["heading_gwfTx6","text_fG8nQG","text_3ALb6q","text_WJkLP4","text_eKpWVY","text_ap3zQz","text_caUBkR","text_VRdDAG","text_fGD4bW","spacer_zQYeDt","socials_dnpnBJ"],"settings":{"full_width":false,"color_scheme":"","map":"<div style=\"overflow:hidden;resize:none;max-width:100%;width:1920px;height:800px;\"><div id=\"embedded-map-display\" style=\"height:100%; width:100%;max-width:100%;\"><iframe style=\"height:100%;width:100%;border:0;\" frameborder=\"0\" src=\"https:\/\/www.google.com\/maps\/embed\/v1\/place?q=London,+Vương+Quốc+Anh&key=AIzaSyBFw0Qbyq9zTFTd-tUY6dZWTgaQzuU17R8\"><\/iframe><\/div><a class=\"my-codefor-googlemap\" href=\"https:\/\/www.bootstrapskins.com\/themes\" id=\"authmaps-data\">premium bootstrap themes<\/a><style>#embedded-map-display img{max-height:none;max-width:none!important;background:none!important;}<\/style><\/div>","padding_top":62,"padding_bottom":62,"padding_rate":75}},"form_contact_width_text_YdCwbV":{"type":"form_contact-width-text","custom_css":[".hdt-btn {min-width: 215px;}"],"settings":{"color_scheme":"scheme-4","heading":"Get in Touch","sub_heading":"If you’ve got great products your making or looking to work with us then drop us a line.","btn_full":false,"padding_top":76,"padding_bottom":84,"padding_rate":75}}},"order":["heading","main","map_with_text_cKPcYW","form_contact_width_text_YdCwbV"]}